t,des_x,des_y,act_x,act_y,v,omega
0.096292,0.256613,0.297881,0.000000,0.000000,0.800000,0.875951
0.196283,0.270898,0.355019,0.000000,0.000000,0.800000,0.956063
0.296267,0.285181,0.412152,0.000000,0.000000,0.800000,1.026823
0.396277,0.299468,0.469301,0.000000,0.000000,0.800000,1.091500
0.496295,0.313756,0.526454,0.000000,0.000000,0.800000,1.152229
0.596275,0.328039,0.583586,0.000000,0.000000,0.800000,1.210385
0.696239,0.342320,0.640708,0.000000,0.000000,0.800000,1.266843
0.796281,0.356612,0.697875,0.000000,0.000000,0.800000,1.322083
0.896254,0.370893,0.755002,0.000000,0.000000,0.800000,1.376070
0.996256,0.385179,0.812146,0.000000,0.000000,0.800000,1.428520
1.096239,0.399463,0.869280,0.000059,-0.000001,0.800000,1.478614
1.196246,0.413749,0.926426,0.000059,-0.000001,0.800000,1.500000
1.296240,0.428034,0.983566,0.000059,-0.000001,0.800000,1.500000
1.396240,0.442320,1.040708,0.000059,-0.000001,0.800000,1.500000
1.496259,0.456608,1.097862,0.000059,-0.000001,0.800000,1.500000
1.596245,0.470892,1.154997,0.000059,-0.000001,0.800000,1.500000
1.696284,0.485183,1.212162,0.000059,-0.000001,0.800000,1.500000
1.796373,0.499482,1.269356,0.000059,-0.000001,0.800000,1.500000
1.896284,0.513755,1.326448,0.000059,-0.000001,0.800000,1.500000
1.996253,0.528036,1.383573,0.003524,-0.000001,0.800000,1.500000
2.096243,0.542320,1.440710,0.017388,-0.000006,-0.339781,1.500000
2.196287,0.556612,1.497878,0.034721,-0.000017,-0.800000,1.500000
2.296270,0.570896,1.555011,0.041663,-0.000023,-0.800000,1.500000
2.396280,0.585183,1.612160,0.038213,-0.000018,-0.800000,1.500000
2.496242,0.599463,1.669281,0.024363,0.000003,-0.800000,1.500000
2.596248,0.613750,1.726428,0.000106,0.000046,-0.800000,1.500000
2.696271,0.628039,1.783583,-0.034557,0.000119,-0.800000,1.500000
2.796248,0.642321,1.840713,-0.079626,0.000226,-0.800000,1.500000
2.896277,0.656611,1.897872,-0.115454,0.000320,-0.800000,1.500000
2.996301,0.670900,1.955029,-0.177867,0.000499,-0.800000,1.500000
3.096293,0.685185,2.012168,-0.248966,0.000431,0.800000,1.500000
3.196301,0.699472,2.069315,-0.320056,-0.003111,0.800000,0.702336
3.296298,0.713757,2.126456,-0.380450,-0.010069,0.800000,0.636895
3.396255,0.728036,2.183574,-0.430049,-0.019078,0.800000,0.572019
3.496296,0.742328,2.240741,-0.468881,-0.028759,0.800000,0.507124
3.596298,0.756614,2.297884,-0.497021,-0.037725,0.800000,0.441511
3.696295,0.770899,2.355026,-0.514637,-0.044647,0.800000,0.371944
3.796300,0.785186,2.412171,-0.522578,-0.048332,0.800000,0.306227
3.896294,0.799471,2.469311,-0.521459,-0.047665,0.800000,0.243437
3.996297,0.813757,2.526455,-0.511962,-0.041482,0.800000,0.186017
4.096253,0.828036,2.583573,-0.494587,-0.028834,0.800000,0.131265
4.196256,0.842322,2.640718,-0.470099,-0.008981,0.800000,0.081677
4.296314,0.856616,2.697894,-0.450095,0.008557,0.800000,0.050760
4.396281,0.870897,2.755018,-0.415352,0.041502,0.800000,0.008379
4.496280,0.885183,2.812160,-0.379794,0.078563,0.800000,-0.043090
4.596281,0.899469,2.869303,-0.340232,0.125406,0.800000,-0.103886
4.696281,0.913754,2.926446,-0.299368,0.181954,0.800000,-0.159987
4.796356,0.928051,2.983632,-0.261115,0.240027,0.800000,-0.185678
4.896298,0.942328,3.040742,-0.222446,0.300484,0.800000,-0.186808
4.996293,0.956613,3.097882,-0.182834,0.362084,0.800000,-0.170092
5.096319,0.970903,3.155040,-0.141840,0.422058,0.800000,-0.149956
5.196291,0.985184,3.212167,-0.098771,0.482887,0.800000,-0.135099
5.296307,0.999472,3.269318,-0.054444,0.542842,0.800000,-0.121639
5.396267,1.013752,3.326438,-0.007458,0.606752,0.800000,-0.108733
5.496271,1.028039,3.383583,0.041804,0.670036,0.800000,0.639998
5.596261,1.042323,3.440720,0.093697,0.733582,0.800000,0.659120
5.696258,1.056608,3.497862,0.141732,0.799424,0.800000,0.593332
5.796302,1.070900,3.555030,0.171327,0.845041,0.800000,0.548991
5.896293,1.085185,3.612168,0.212235,0.915622,0.800000,0.494233
5.996286,1.099469,3.669306,0.249206,0.988345,0.800000,0.442778
6.096324,1.113761,3.726471,0.282520,1.062777,0.800000,0.395695
6.196277,1.128040,3.783587,0.312368,1.138551,0.800000,0.351799
6.296321,1.142332,3.840755,0.339184,1.215578,0.800000,0.314170
6.396314,1.156616,3.897894,0.363144,1.293433,0.800000,0.279295
6.496278,1.170897,3.955016,0.384505,1.372028,0.800000,0.247949
6.596311,1.185187,4.012178,0.403525,1.451226,0.800000,0.220020
6.696312,1.199473,4.069321,0.420464,1.530938,0.800000,0.195562
6.796319,1.213760,4.126468,0.435603,1.611090,0.800000,0.174907
6.896274,1.228039,4.183585,0.449162,1.691517,0.800000,0.156311
6.996266,1.242324,4.240724,0.461300,1.772163,0.800000,0.139721
7.096265,1.256609,4.297866,0.472165,1.852984,0.800000,0.124928
7.196342,1.270906,4.355052,0.478772,1.906942,0.800000,0.115703
7.296295,1.285185,4.412168,0.487821,1.987974,0.800000,0.103814
7.396293,1.299470,4.469310,0.495929,2.069096,0.800000,0.092799
7.496337,1.313762,4.526478,0.503193,2.150289,0.800000,0.082833
7.596333,1.328048,4.583619,0.509697,2.231543,0.800000,0.073808
7.696340,1.342334,4.640766,0.515525,2.312856,0.800000,0.065813
7.796340,1.356620,4.697909,0.520758,2.394207,0.800000,0.058629
7.896336,1.370905,4.755049,0.525469,2.475590,0.800000,0.052190
7.996333,1.385190,4.812190,0.529699,2.556994,0.800000,0.046392
8.096332,1.399476,4.869332,0.533493,2.638414,0.800000,0.041161
8.196325,1.413761,4.926472,0.536904,2.719868,0.800000,0.036427
8.296326,1.428047,4.983615,0.539972,2.801344,0.800000,0.032110
8.396298,1.442328,5.040742,0.542739,2.882840,0.800000,0.028131
8.496284,1.456612,5.097876,0.545240,2.964352,0.800000,0.024399
8.596288,1.470898,5.155021,0.547523,3.045842,0.800000,0.020599
8.696322,1.485189,5.212184,0.548905,3.100186,0.800000,0.017301
8.796332,1.499476,5.269332,0.550803,3.181749,0.800000,0.013004
8.896343,1.513763,5.326482,0.552567,3.263324,0.800000,0.007524
8.996310,1.528044,5.383606,0.554226,3.344912,0.800000,-0.001898
9.096291,1.542327,5.440738,0.555833,3.426515,0.800000,-0.028945
9.196289,1.556613,5.497879,0.557489,3.508133,0.800000,-0.763442
9.296303,1.570900,5.555031,0.559112,3.589756,0.800000,-0.770413
9.396303,1.585186,5.612173,0.563569,3.671419,0.800000,-0.687154
9.496329,1.599476,5.669331,0.574373,3.752470,0.800000,-0.615611
9.596354,1.613765,5.726488,0.590778,3.832565,0.800000,-0.551472
9.696313,1.628045,5.783607,0.612088,3.911490,0.800000,-0.493159
9.796291,1.642327,5.840738,0.637711,3.989092,0.800000,-0.440693
9.896333,1.656619,5.897905,0.667141,4.064888,0.800000,0.331184
9.996294,1.670899,5.955025,0.699879,4.138405,0.800000,0.418594
10.096311,1.685187,6.012178,0.722200,4.185920,0.800000,0.421935
10.196362,1.699480,6.069350,0.755205,4.259535,0.800000,0.395412
10.296334,1.713762,6.126477,0.785709,4.335052,0.800000,0.357307
10.396360,1.728051,6.183634,0.813222,4.411779,0.800000,0.320820
10.496356,1.742337,6.240775,0.837974,4.489438,0.800000,0.287400
10.596356,1.756622,6.297918,0.860212,4.567851,0.800000,0.257197
10.696359,1.770908,6.355062,0.880173,4.646869,0.800000,0.230108
10.796341,1.785192,6.412195,0.898083,4.726377,0.800000,0.205914
10.896323,1.799475,6.469328,0.914148,4.806288,0.800000,0.184170
10.996348,1.813764,6.526485,0.928556,4.886522,0.800000,0.164664
11.096311,1.828044,6.583607,0.941461,4.966974,0.800000,0.146911
11.196313,1.842330,6.640750,0.952959,5.047430,0.800000,0.128237
11.296298,1.856614,6.697885,0.962812,5.127844,0.800000,0.108038
11.396292,1.870899,6.755024,0.971036,5.208320,0.800000,0.088078
11.496311,1.885187,6.812178,0.977728,5.288930,0.800000,0.069603
11.596328,1.899475,6.869330,0.981435,5.342791,0.800000,0.058584
11.696339,1.913763,6.926479,0.986197,5.424072,0.800000,0.049624
11.796365,1.928052,6.983637,0.990466,5.505559,0.800000,0.042629
11.896362,1.942337,7.040778,0.994320,5.587122,0.800000,0.036270
11.996322,1.956617,7.097898,0.997895,5.668672,0.800000,0.029082
12.096360,1.970909,7.155063,1.001146,5.750208,0.800000,0.019980
12.196361,1.985194,7.212206,1.004165,5.831792,0.800000,0.003625
12.296336,1.999477,7.269335,1.007050,5.913379,0.800000,-0.061649
12.396355,2.013765,7.326489,1.009992,5.994978,0.800000,-0.746154
12.496356,2.028051,7.383632,1.013550,6.076576,0.800000,-0.730412
12.596352,2.042336,7.440772,1.021600,6.157943,0.800000,-0.648984
12.696357,2.056622,7.497918,1.035554,6.238481,0.800000,-0.578898
12.796347,2.070907,7.555056,1.054729,6.317917,0.800000,-0.517642
12.896353,2.085193,7.612202,1.078490,6.396081,0.800000,-0.462947
12.996310,2.099473,7.669320,1.096574,6.447248,0.800000,-0.426874
13.096342,2.113763,7.726481,1.127033,6.522734,0.800000,0.357619
13.196328,2.128047,7.783616,1.160464,6.595919,0.800000,0.429273
13.296348,2.142335,7.840770,1.194493,6.667447,0.800000,0.424326
13.396335,2.156619,7.897905,1.227190,6.741660,0.800000,0.388308
13.496372,2.170910,7.955070,1.256964,6.817488,0.800000,0.349084
13.596360,2.185194,8.012206,1.283773,6.894446,0.800000,0.312942
13.696301,2.199472,8.069315,1.307877,6.972308,0.800000,0.280183
13.796365,2.213766,8.126494,1.329522,7.050896,0.800000,0.250754
13.896322,2.228046,8.183612,1.348949,7.130083,0.800000,0.224412
13.996317,2.242331,8.240753,1.366377,7.209742,0.800000,0.200749
14.096356,2.256622,8.297918,1.382016,7.289785,0.800000,0.179521
14.196365,2.270909,8.355066,1.396047,7.370139,0.800000,0.092912
14.296313,2.285188,8.412179,1.408700,7.450694,0.800000,-0.071557
14.396355,2.299479,8.469345,1.416677,7.504516,0.800000,-0.071114
14.496354,2.313765,8.526488,1.428246,7.585344,0.800000,-0.251548
14.596343,2.328049,8.583624,1.440728,7.665996,0.800000,-0.419444
14.696352,2.342336,8.640772,1.455532,7.746338,0.800000,-0.536914
14.796337,2.356620,8.697907,1.473898,7.825972,0.800000,-0.590468
14.896382,2.370912,8.755076,1.496638,7.904479,0.800000,-0.588346
14.996386,2.385198,8.812221,1.524032,7.981477,0.800000,-0.546016
15.096343,2.399479,8.867922,1.555923,8.056707,0.800000,-0.483448
15.196349,2.413771,8.920623,1.591863,8.130066,0.800000,-0.416201
15.296378,2.428070,8.970342,1.631227,8.201324,0.800000,-0.346394
15.396378,2.442368,9.017090,1.673755,8.270738,0.800000,-0.281340
15.496372,2.456670,9.060914,1.718845,8.338468,0.800000,-0.223079
15.596379,2.470977,9.101861,1.766008,8.404732,0.800000,-0.172787
15.696350,2.485282,9.139946,1.814876,8.469790,0.800000,-0.130992
15.796334,2.499593,9.175227,1.865099,8.534103,0.800000,-0.101444
15.896320,2.513908,9.207736,1.916152,8.597762,0.800000,-0.079079
15.996391,2.528239,9.237532,1.950546,8.639913,0.800000,-0.057400
16.096370,2.542561,9.264600,2.002561,8.702794,0.800000,-0.049147
16.196390,2.556893,9.289013,2.054942,8.765378,0.800000,-0.045222
16.296348,2.571220,9.310785,2.107635,8.827706,0.800000,-0.045116
16.396386,2.585562,9.329982,2.160617,8.889797,0.800000,-0.048435
16.496347,2.599897,9.346610,2.213889,8.951645,0.800000,-0.054994
16.596353,2.614242,9.360727,2.267476,9.013228,0.800000,-0.065096
16.696341,2.628589,9.372360,2.321421,9.074505,0.800000,-0.079743
16.796349,2.642943,9.381550,2.375790,9.135414,0.800000,-0.101166
16.896328,2.657297,9.388329,2.430677,9.195866,0.800000,-0.134262
16.996351,2.671661,9.392738,2.486209,9.255720,0.800000,-0.189805
17.096342,2.686024,9.394809,2.542607,9.314756,0.642885,-0.297508
17.196338,2.700393,9.394582,2.597889,9.370063,0.368229,-0.531902
17.296347,2.714767,9.392092,2.647802,9.415954,0.138924,-1.063380
17.396343,2.729144,9.387375,2.691644,9.453003,-0.049195,-1.500000
17.496406,2.743534,9.380464,2.717180,9.473084,-0.143270,-1.500000
17.596399,2.757919,9.371403,2.749505,9.496738,-0.265401,-1.500000
17.696388,2.772307,9.360227,2.774144,9.513229,-0.345487,-1.500000
17.796379,2.786700,9.346970,2.790566,9.523260,-0.381890,-1.500000
17.896359,2.801096,9.331672,2.798285,9.527562,-0.373120,-1.500000
17.996364,2.815499,9.314363,2.796745,9.526841,-0.315934,-1.500000
18.096494,2.829925,9.295058,2.785613,9.521981,-0.209650,-1.500000
18.196369,2.844319,9.273870,2.767976,9.515249,-0.030588,-1.500000
18.296351,2.858732,9.250763,2.751333,9.511146,0.244580,-1.369623
18.396382,2.873157,9.225783,2.744613,9.510445,0.508199,-1.193210
18.496387,2.887583,9.198985,2.748233,9.510120,0.758039,-1.054571
18.596362,2.902008,9.170407,2.761933,9.507116,0.800000,-0.939449
18.696348,2.916440,9.140075,2.784778,9.498500,0.800000,-0.837122
18.796389,2.930884,9.108010,2.815198,9.481585,0.800000,-0.739922
18.896386,2.945327,9.074280,2.838648,9.464539,0.800000,-0.674606
18.996397,2.959776,9.038904,2.876669,9.428887,0.800000,-0.574787
19.096413,2.974230,9.001919,2.915478,9.379884,0.800000,-0.471280
19.196405,2.988685,8.963375,2.951628,9.317099,0.800000,-0.365129
19.296392,3.003145,8.923300,2.982278,9.245268,0.800000,-0.312317
19.396371,3.017607,8.881733,3.010007,9.169032,0.800000,-0.305136
19.496380,3.032079,8.838694,3.034814,9.091694,0.800000,-0.302094
19.596369,3.046553,8.794241,3.056774,9.013520,0.800000,-0.299417
19.696394,3.061036,8.748385,3.075841,8.934633,0.749347,-0.294768
19.796414,3.075524,8.701181,3.091390,8.857908,0.626196,-0.277671
19.896371,3.090007,8.652694,3.102998,8.786380,0.534824,-0.237085
19.996359,3.104500,8.602915,3.110762,8.724526,0.490614,-0.158392
20.096378,3.119002,8.551880,3.115606,8.672218,0.490341,-0.051492
20.196356,3.133503,8.499663,3.119261,8.622257,0.503164,0.042054
20.296352,3.148011,8.446269,3.122737,8.571416,0.516827,0.128868
20.396430,3.162536,8.391699,3.125154,8.536777,0.606186,0.174309
20.496365,3.177045,8.336113,3.129256,8.483015,0.618699,0.224370
20.596424,3.191577,8.279400,3.134342,8.421515,0.602754,0.283191
20.696427,3.206106,8.221697,3.140837,8.359853,0.594071,0.315171
20.796423,3.220639,8.163014,3.148972,8.299549,0.596837,0.326011
20.896420,3.235177,8.103381,3.159024,8.239657,0.605439,0.319230
20.996417,3.249721,8.042837,3.171187,8.179476,0.615317,0.298416
21.096383,3.264264,7.981437,3.185411,8.119163,0.625757,0.265603
21.196370,3.278816,7.919186,3.201795,8.057924,0.632491,0.223886
21.296419,3.293382,7.856093,3.220023,7.996364,0.637718,0.174298
21.396412,3.307945,7.792270,3.239786,7.934667,0.641876,0.119035
21.496416,3.322515,7.727711,3.260743,7.872873,0.645749,0.060612
21.596404,3.337088,7.662469,3.282534,7.810923,0.649766,0.002250
21.696372,3.351663,7.596585,3.304794,7.748695,0.654358,-0.052919
21.796356,3.366245,7.530071,3.327167,7.686032,0.659956,-0.102169
21.896390,3.380840,7.462940,3.342002,7.643996,0.766101,-0.133272
21.996429,3.395441,7.395259,3.364840,7.578578,0.764528,-0.180672
22.096431,3.410042,7.327093,3.390651,7.507542,0.734693,-0.250344
22.196391,3.424643,7.258482,3.415924,7.435880,0.712286,-0.280724
22.296431,3.439260,7.189379,3.438668,7.366104,0.705040,-0.297514
22.396433,3.453877,7.119901,3.459089,7.296828,0.705947,-0.298629
22.496395,3.468494,7.050088,3.477281,7.227132,0.709328,-0.287620
22.596401,3.483122,6.979917,3.493432,7.156781,0.713371,-0.265215
22.696409,3.497756,6.909453,3.507247,7.085875,0.718076,-0.227337
22.796408,3.512395,6.838741,3.518736,7.014227,0.720640,-0.178396
22.896452,3.527045,6.767779,3.528134,6.941898,0.720212,-0.122598
22.996415,3.541689,6.696693,3.535864,6.869060,0.716583,-0.065430
23.096422,3.556345,6.625432,3.542662,6.796098,0.712147,-0.012643
23.196382,3.571000,6.554095,3.549004,6.723534,0.709555,0.037914
23.296372,3.585665,6.482665,3.555281,6.651299,0.708980,0.083501
23.396440,3.600347,6.411144,3.559627,6.603240,0.800000,0.107509
23.496435,3.615024,6.339676,3.566550,6.527713,0.800000,0.163203
23.596399,3.629702,6.268269,3.573204,6.446675,0.763202,0.200848
23.696395,3.644390,6.196912,3.581104,6.367888,0.735275,0.232676
23.796396,3.659085,6.125662,3.590249,6.292425,0.722953,0.249067
23.896384,3.673783,6.054570,3.600887,6.218976,0.719330,0.251096
23.996386,3.688490,5.983650,3.613216,6.146589,0.719240,0.240486
24.096385,3.703202,5.912953,3.627354,6.074675,0.718619,0.221333
24.196431,3.717926,5.842480,3.643221,6.003175,0.716684,0.194853
24.296432,3.732650,5.772332,3.660636,5.932197,0.713187,0.162211
24.396375,3.747371,5.702555,3.679350,5.861854,0.708406,0.125017
24.496387,3.762108,5.633095,3.699066,5.792236,0.703265,0.084790
24.596432,3.776856,5.564016,3.719485,5.723341,0.697975,0.043536
24.696436,3.791604,5.495405,3.740292,5.655117,0.692565,0.003359
24.796436,3.806357,5.427272,3.754235,5.609967,0.792263,-0.033695
24.896417,3.821113,5.359664,3.776960,5.537502,0.760890,-0.079519
24.996413,3.835878,5.292595,3.800907,5.462494,0.716320,-0.106567
25.096444,3.850653,5.226088,3.823089,5.390909,0.686546,-0.134283
25.196392,3.865423,5.160258,3.843379,5.322785,0.671687,-0.151522
25.296416,3.880210,5.095037,3.862106,5.256315,0.663604,-0.159078
25.396420,3.895000,5.030523,3.879527,5.190571,0.657321,-0.157946
25.496389,3.909791,4.966763,3.895715,5.125229,0.650818,-0.149212
25.596419,3.924597,4.903733,3.910718,5.060274,0.643792,-0.133758
25.696407,3.939403,4.841534,3.924608,4.995787,0.635838,-0.112461
25.796390,3.954215,4.780178,3.937485,4.931885,0.627179,-0.086301
25.896404,3.969037,4.719682,3.949698,4.867397,0.612501,-0.054013
25.996402,3.983863,4.660109,3.960783,4.805268,0.604342,-0.019409
26.096444,3.998702,4.601461,3.971317,4.744128,0.596610,0.016383
26.196396,4.013534,4.543852,3.981559,4.683782,0.587982,0.051610
26.296417,4.028383,4.487228,3.988342,4.643972,0.665910,0.073020
26.396411,4.043234,4.431678,3.999203,4.581305,0.638027,0.105884
26.496454,4.058098,4.377199,4.010800,4.516339,0.596258,0.137577
26.596461,4.072964,4.323874,4.022460,4.454980,0.565707,0.167028
26.696417,4.087828,4.271744,4.034221,4.397491,0.547411,0.186393
26.796408,4.102704,4.220802,4.046477,4.342453,0.534644,0.198417
26.896445,4.117594,4.171079,4.059435,4.289106,0.523716,0.203778
26.996403,4.132478,4.122675,4.073174,4.237169,0.512686,0.203620
27.096406,4.147375,4.075564,4.087681,4.186601,0.501283,0.198575
27.196445,4.162285,4.029790,4.102890,4.137437,0.489324,0.189400
27.296443,4.177194,3.985423,4.118707,4.089722,0.476626,0.176965
27.396406,4.192105,3.942497,4.135010,4.043509,0.463305,0.162165
27.496447,4.207035,3.900999,4.151670,3.998838,0.449691,0.145826
27.596461,4.221967,3.861011,4.162910,3.969918,0.498845,0.116079
27.696428,4.236898,3.822577,4.180493,3.926323,0.475582,0.102941
27.796470,4.251848,3.785686,4.199527,3.880856,0.436765,0.097735
27.896465,4.266797,3.750420,4.217736,3.838582,0.405350,0.092876
27.996469,4.281754,3.716796,4.234971,3.799645,0.381974,0.089567
28.096472,4.296718,3.684853,4.251483,3.763287,0.363207,0.089540
28.196472,4.311688,3.654628,4.267462,3.728957,0.346555,0.094175
28.296442,4.326660,3.626166,4.282998,3.696374,0.330709,0.104496
28.396455,4.341646,3.599482,4.298130,3.665432,0.315247,0.121262
28.496471,4.356639,3.574625,4.312882,3.636090,0.299889,0.145111
28.596436,4.371631,3.551643,4.327279,3.608346,0.284518,0.176543
28.696455,4.386639,3.530549,4.341351,3.582219,0.269315,0.215877
28.796457,4.401650,3.511396,4.355135,3.557730,0.254297,0.263320
28.896457,4.416669,3.494215,4.368680,3.534900,0.239623,0.318826
28.996442,4.431692,3.479047,4.377633,3.520563,0.257091,0.348618
29.096440,4.446724,3.465923,4.391501,3.499642,0.236915,0.421938
29.196448,4.461764,3.454880,4.405986,3.479384,0.212827,0.515213
29.296467,4.476813,3.445955,4.419919,3.461625,0.194103,0.611166
29.396443,4.491863,3.439190,4.433407,3.446228,0.180769,0.701131
29.496464,4.506927,3.434614,4.446752,3.432823,0.171663,0.782107
29.596464,4.521994,3.432268,4.460216,3.421132,0.165888,0.853440
29.696462,4.537069,3.432187,4.474003,3.410984,0.163128,0.914751
29.796450,4.552149,3.434408,4.488153,3.402372,0.164253,0.962936
29.896462,4.567240,3.438967,4.503027,3.395137,0.168402,1.001497
29.996463,4.582336,3.445901,4.518837,3.389294,0.175837,1.030689
30.096428,4.597419,3.454288,4.535785,3.384938,0.187688,1.043971
30.196467,4.612488,3.463052,4.553877,3.382215,0.201329,1.046727
30.296435,4.627521,3.472179,4.573262,3.381388,0.222978,1.021337
30.396456,4.642534,3.481682,4.587540,3.382083,0.253936,0.986267
30.496485,4.657522,3.491555,4.610532,3.385296,0.267472,0.966725
30.596482,4.672478,3.501795,4.636185,3.391642,0.268691,0.963517
30.696484,4.687406,3.512406,4.661751,3.400755,0.268369,0.956495
30.796483,4.702306,3.523387,4.686369,3.412357,0.268504,0.941202
30.896480,4.717176,3.534737,4.709514,3.426214,0.270228,0.913110
30.996483,4.732018,3.546458,4.731442,3.442430,0.268104,0.882756
31.096474,4.746828,3.558547,4.751761,3.460574,0.263373,0.846438
31.196437,4.761603,3.571002,4.770122,3.480176,0.256622,0.801530
31.296500,4.776362,3.583841,4.786414,3.500923,0.249134,0.739276
31.396437,4.791071,3.597033,4.800460,3.522244,0.238466,0.667904
31.496478,4.805764,3.610608,4.812418,3.543699,0.227469,0.572128
31.596474,4.820417,3.624548,4.822451,3.564905,0.216443,0.445433
31.696477,4.835038,3.638858,4.830851,3.585615,0.205909,0.282966
31.796474,4.849625,3.653538,4.837977,3.605625,0.197045,0.087887
31.896486,4.864180,3.668590,4.842211,3.618502,0.218244,-0.103383
31.996486,4.878699,3.684010,4.848774,3.639014,0.208676,-0.271951
32.096491,4.893183,3.699801,4.855608,3.659520,0.201990,-0.415675
32.196461,4.907627,3.715956,4.862772,3.679112,0.202758,-0.513141
32.296454,4.922039,3.732485,4.870734,3.698275,0.209080,-0.563872
32.396450,4.936414,3.749384,4.879828,3.717348,0.217145,-0.588312
32.496437,4.950751,3.766651,4.890363,3.736636,0.226421,-0.580993
32.596483,4.965058,3.784299,4.902511,3.756026,0.233985,-0.557913
32.696515,4.979326,3.802315,4.916260,3.775343,0.239104,-0.520756
32.796483,4.993546,3.820689,4.931451,3.794327,0.241784,-0.469025
32.896439,5.007726,3.839430,4.947845,3.812754,0.242350,-0.401665
32.996481,5.021878,3.858557,4.965166,3.830483,0.241345,-0.317592
33.096480,5.035984,3.878047,4.983129,3.847469,0.239254,-0.217199
33.196479,5.050049,3.897906,5.001457,3.863762,0.236914,-0.103121
33.296498,5.064077,3.918140,5.013004,3.873650,0.271720,0.020472
33.396503,5.078060,3.938740,5.032869,3.889709,0.264546,0.149248
33.496500,5.092001,3.959709,5.053998,3.906822,0.252479,0.260805
33.596522,5.105902,3.981053,5.074009,3.923588,0.247369,0.355449
33.696505,5.119755,4.002759,5.092971,3.940387,0.248567,0.424323
33.796500,5.133566,4.024838,5.111231,3.957812,0.253687,0.467275
33.896466,5.147330,4.047279,5.128970,3.976292,0.260485,0.489596
33.996496,5.161057,4.070105,5.146214,3.996071,0.267593,0.495468
34.096505,5.174736,4.093297,5.162887,4.017244,0.273982,0.488173
34.196492,5.188367,4.116853,5.178865,4.039783,0.279144,0.469766
34.296461,5.201950,4.140775,5.194018,4.063568,0.282931,0.441316
34.396452,5.215489,4.165071,5.208247,4.088428,0.285441,0.403351
34.496453,5.228982,4.189741,5.221500,4.114169,0.286833,0.356415
34.596442,5.242426,4.214777,5.233784,4.140594,0.287369,0.301192
34.696512,5.255832,4.240204,5.241461,4.158496,0.326639,0.220411
34.796509,5.269181,4.265982,5.252510,4.186306,0.324285,0.155995
34.896515,5.282481,4.292132,5.263841,4.217369,0.308842,0.100046
34.996531,5.295734,4.318656,5.274309,4.247587,0.298594,0.034543
35.096509,5.308931,4.345539,5.284063,4.276861,0.293708,-0.028643
35.196506,5.322080,4.372797,5.293467,4.305496,0.293106,-0.081313
35.296512,5.335179,4.400428,5.302911,4.333893,0.294988,-0.124400
35.396511,5.348226,4.428426,5.312647,4.362310,0.298160,-0.155613
35.496512,5.361221,4.456795,5.322852,4.390868,0.301951,-0.174327
35.596458,5.374156,4.485518,5.333649,4.419608,0.305852,-0.181235
35.696486,5.387049,4.514635,5.345104,4.448523,0.309770,-0.177269
35.796489,5.399885,4.544115,5.357244,4.477592,0.313372,-0.163677
35.896504,5.412668,4.573968,5.370049,4.506782,0.316642,-0.141699
35.996450,5.425389,4.604170,5.383469,4.536065,0.319495,-0.112791
36.096517,5.438069,4.634779,5.392720,4.555631,0.366498,-0.071462
36.196485,5.450681,4.665727,5.407684,4.586746,0.361755,-0.051504
36.296518,5.463245,4.697066,5.423786,4.620140,0.348090,-0.018167
36.396514,5.475748,4.728764,5.439659,4.652610,0.339287,0.017717
36.496475,5.488190,4.760819,5.455149,4.684081,0.336016,0.053833
36.596507,5.500583,4.793268,5.470284,4.714954,0.337087,0.086243
36.696511,5.512914,4.826078,5.485211,4.745871,0.339815,0.115157
36.796506,5.525185,4.859254,5.499941,4.777115,0.343257,0.138918
36.896508,5.537399,4.892803,5.514426,4.808827,0.347029,0.156707
36.996508,5.549552,4.926722,5.528603,4.841087,0.350899,0.168351
37.096507,5.561645,4.961009,5.542411,4.873933,0.354740,0.173983
37.196464,5.573673,4.995652,5.555797,4.907378,0.358407,0.173943
37.296477,5.585646,5.030685,5.568724,4.941407,0.362032,0.168598
37.396509,5.597559,5.066094,5.581172,4.976004,0.365510,0.158550
37.496466,5.609402,5.101847,5.593146,5.011148,0.368650,0.144564
37.596531,5.621195,5.138008,5.600871,5.034861,0.423405,0.117552
37.696494,5.632913,5.174503,5.612703,5.072433,0.419149,0.113144
37.796495,5.644571,5.211381,5.625402,5.113381,0.402326,0.101791
37.896514,5.656168,5.248636,5.637287,5.153391,0.391424,0.088661
37.996520,5.667698,5.286256,5.648381,5.192268,0.387184,0.072384
38.096517,5.679162,5.324243,5.658908,5.230468,0.387520,0.054800
38.196502,5.690560,5.362595,5.669132,5.268622,0.389643,0.037159
38.296511,5.701893,5.401326,5.679193,5.306983,0.392472,0.020829
38.396521,5.713161,5.440428,5.689185,5.345643,0.395539,0.006606
38.496535,5.724361,5.479901,5.699180,5.384624,0.398719,-0.005078
38.596511,5.735490,5.519729,5.709235,5.423922,0.401917,-0.013947
38.696496,5.746551,5.559931,5.719395,5.463528,0.405219,-0.019849
38.796470,5.757543,5.600497,5.729697,5.503440,0.408557,-0.022767
38.896480,5.768470,5.641449,5.740167,5.543661,0.411977,-0.022810
38.996480,5.779325,5.682766,5.747247,5.570649,0.473777,-0.017215
39.096500,5.790113,5.724462,5.758503,5.613569,0.468269,-0.022450
39.196494,5.800828,5.766517,5.770452,5.660013,0.449239,-0.019331
39.296511,5.811473,5.808951,5.782198,5.705173,0.437111,-0.015360
39.396535,5.822048,5.851759,5.793665,5.748886,0.432552,-0.008532
39.496486,5.832543,5.894905,5.804962,5.791698,0.433081,0.000532
39.596488,5.842970,5.938443,5.816258,5.834383,0.435635,0.010677
39.696501,5.853326,5.982356,5.827592,5.877253,0.438846,0.021101
39.796527,5.863609,6.026645,5.838951,5.920434,0.442250,0.031265
39.896531,5.873816,6.071294,5.850297,5.963971,0.445652,0.040743
39.996541,5.883948,6.116315,5.861584,6.007879,0.449098,0.049168
40.096527,5.894003,6.161696,5.872767,6.052170,0.452533,0.056236
40.196530,5.903984,6.207454,5.883808,6.096855,0.456037,0.061721
40.296529,5.913889,6.253581,5.894671,6.141949,0.459535,0.065492
40.396476,5.923711,6.300053,5.905330,6.187459,0.462914,0.067516
40.496548,5.933469,6.346954,5.912310,6.218028,0.533053,0.062993
40.596550,5.943142,6.394192,5.923075,6.266143,0.528477,0.068825
40.696544,5.952737,6.441796,5.934763,6.318906,0.505494,0.070788
40.796573,5.962256,6.489787,5.945741,6.370231,0.490674,0.071931
40.896547,5.971690,6.538121,5.955984,6.419887,0.484782,0.070149
40.996547,5.981047,6.586838,5.965659,6.468572,0.484902,0.065572
41.096543,5.990324,6.635923,5.974954,6.517132,0.487283,0.059386
41.196541,5.999520,6.685379,5.983957,6.565913,0.490400,0.052242
41.296534,6.008635,6.735202,5.992722,6.615040,0.493685,0.044598
41.396539,6.017669,6.785401,6.001288,6.664541,0.497015,0.036811
41.496576,6.026623,6.835986,6.009692,6.714416,0.500422,0.029206
41.596543,6.035489,6.886906,6.017969,6.764660,0.503675,0.022093
41.696537,6.044274,6.938210,6.026156,6.815260,0.507035,0.015724
41.796541,6.052976,6.989888,6.034286,6.866213,0.510453,0.010316
41.896574,6.061596,7.041952,6.039692,6.900380,0.588333,0.006832
41.996581,6.070129,7.094372,6.048103,6.954219,0.582348,-0.000602
42.096574,6.078576,7.147155,6.057066,7.013144,0.555857,-0.003579
42.196577,6.086938,7.200313,6.065773,7.070289,0.538744,-0.006389
42.296579,6.095214,7.253841,6.074187,7.125394,0.531994,-0.007238
42.396582,6.103403,7.307739,6.082442,7.179261,0.532087,-0.005934
42.496589,6.111505,7.362009,6.090701,7.232896,0.534676,-0.003290
42.596580,6.119518,7.416641,6.099016,7.286703,0.537978,0.000393
42.696525,6.127439,7.471617,6.107394,7.340819,0.541336,0.004865
42.796555,6.135278,7.527009,6.115819,7.395275,0.544942,0.009876
42.896539,6.143025,7.582746,6.124267,7.450091,0.548427,0.015149
42.996548,6.150684,7.638868,6.132709,7.505267,0.551976,0.020430
43.096612,6.158256,7.695390,6.141115,7.560809,0.555665,0.025475
43.196527,6.165727,7.752197,6.149455,7.616737,0.558937,0.030073
43.296518,6.173112,7.809419,6.157697,7.673032,0.562438,0.034047
43.396550,6.180408,7.867033,6.163123,7.710768,0.649291,0.035074
43.496592,6.187613,7.925023,6.171205,7.768120,0.651653,0.038008
43.596536,6.194718,7.983326,6.180233,7.832465,0.624286,0.045790
43.696544,6.201734,8.042037,6.189013,7.896299,0.601235,0.051336
43.796514,6.208654,8.101095,6.197250,7.957689,0.590601,0.054945
43.896577,6.215486,8.160578,6.205054,8.017618,0.588319,0.057011
43.996590,6.222220,8.220402,6.212522,8.077226,0.589095,0.055649
44.096603,6.228858,8.280595,6.219639,8.136849,0.591513,0.053420
44.196518,6.235395,8.341099,6.226438,8.196702,0.594373,0.050049
44.296545,6.241842,8.402041,6.232943,8.256871,0.597842,0.045589
44.396573,6.248193,8.463354,6.239180,8.317406,0.601378,0.040360
44.496555,6.254443,8.525009,6.245176,8.378327,0.604758,0.034685
44.596544,6.260597,8.587037,6.250959,8.439617,0.608174,0.028832
44.696508,6.266650,8.649420,6.256562,8.501272,0.611554,0.023062
44.796595,6.272612,8.712250,6.260215,8.542576,0.707275,0.017056
44.896584,6.278469,8.775388,6.265737,8.606423,0.704244,0.013092
44.996591,6.284227,8.838909,6.271769,8.677433,0.670875,0.009677
45.096595,6.289984,8.901136,6.277567,8.746753,0.639629,0.005164
45.196592,6.295852,8.960195,6.283033,8.812839,0.609087,-0.002089
45.296597,6.301834,9.016130,6.288214,8.875800,0.578930,-0.012094
45.396595,6.307929,9.068971,6.293162,8.935675,0.549099,-0.024754
45.496555,6.314134,9.118739,6.297937,8.992495,0.519547,-0.039921
45.596587,6.320459,9.165526,6.302605,9.046294,0.490531,-0.057391
45.696619,6.326898,9.209332,6.307235,9.097116,0.461873,-0.076986
45.796536,6.333444,9.250149,6.311890,9.144994,0.433418,-0.098593
45.896530,6.340110,9.288095,6.316627,9.189940,0.405636,-0.122087
45.996523,6.346893,9.323174,6.321499,9.231997,0.378392,-0.147474
46.096587,6.353796,9.355445,6.324843,9.258457,0.404604,-0.156673
46.196585,6.360812,9.384902,6.330284,9.297593,0.366835,-0.187827
46.296541,6.367942,9.411593,6.336224,9.335996,0.321225,-0.232792
46.396591,6.375196,9.435590,6.342173,9.370363,0.281901,-0.286214
46.496525,6.382560,9.456881,6.347998,9.400122,0.251565,-0.339210
46.596540,6.390048,9.475547,6.353910,9.426402,0.225721,-0.396102
46.696570,6.397656,9.491608,6.359965,9.449594,0.203289,-0.454484
46.796547,6.405379,9.505093,6.366272,9.470230,0.181969,-0.522247
46.896534,6.413223,9.516050,6.372805,9.488478,0.161657,-0.601438
46.996584,6.421193,9.524518,6.379506,9.504418,0.142734,-0.692715
47.096600,6.429280,9.530525,6.386313,9.518151,0.125617,-0.794366
47.196588,6.437486,9.534112,6.393177,9.529817,0.110872,-0.900751
47.296604,6.445816,9.535319,6.400072,9.539603,0.099158,-1.002652
47.396596,6.454266,9.534180,6.407016,9.547737,0.091160,-1.090160
47.496594,6.462839,9.530735,6.414091,9.554479,0.087574,-1.156353
47.596619,6.471537,9.525019,6.418975,9.558336,0.092319,-1.192069
47.696610,6.480355,9.517073,6.426960,9.563445,0.097121,-1.221582
47.796604,6.489298,9.506932,6.435951,9.567756,0.107186,-1.234762
47.896613,6.498366,9.494631,6.446010,9.571130,0.121773,-1.238430
47.996582,6.507555,9.480216,6.457927,9.573551,0.145478,-1.223147
48.096614,6.516875,9.463709,6.472153,9.574604,0.173955,-1.204203
48.196625,6.526318,9.445159,6.488640,9.573758,0.211602,-1.173749
48.296552,6.535879,9.424619,6.508025,9.570139,0.255019,-1.138897
48.396609,6.545580,9.402080,6.530496,9.562845,0.301021,-1.103801
48.496601,6.555400,9.377622,6.556109,9.550805,0.343019,-1.075296
48.596604,6.565349,9.351265,6.584187,9.533162,0.378141,-1.053525
48.696544,6.575420,9.323068,6.613588,9.509849,0.404474,-1.039351
48.796615,6.585632,9.293011,6.642444,9.481427,0.430293,-1.020717
48.896601,6.595964,9.261195,6.669806,9.448098,0.454948,-0.997262
48.996540,6.606420,9.227649,6.694559,9.410340,0.483777,-0.959979
49.096620,6.617020,9.192345,6.709397,9.382399,0.554456,-0.890598
49.196624,6.627742,9.155395,6.729685,9.334220,0.561958,-0.852362
49.296607,6.638593,9.116818,6.746372,9.280001,0.545471,-0.827400
49.396619,6.649577,9.076633,6.757833,9.225338,0.534339,-0.783646
49.496583,6.660687,9.034908,6.764228,9.171104,0.525914,-0.719023
49.596581,6.671932,8.991647,6.766065,9.117391,0.515876,-0.632586
49.696588,6.683311,8.946896,6.763849,9.064656,0.503392,-0.518488
49.796583,6.694821,8.900702,6.758271,9.013505,0.489951,-0.368174
49.896585,6.706465,8.853094,6.750063,8.964194,0.476579,-0.180704
49.996605,6.718244,8.804105,6.740062,8.916467,0.465185,0.029760
50.096607,6.730155,8.753788,6.729453,8.869811,0.460280,0.228497
50.196597,6.742199,8.702179,6.719285,8.823834,0.466999,0.389430
50.296602,6.754380,8.649300,6.710246,8.777368,0.485275,0.499420
50.396546,6.766688,8.595231,6.702897,8.729146,0.511751,0.564566
50.496624,6.779149,8.539902,6.699221,8.695520,0.611028,0.556145
50.596601,6.791733,8.483480,6.695767,8.640079,0.633638,0.575196
50.696640,6.804461,8.425910,6.695361,8.576348,0.630691,0.596939
50.796598,6.817316,8.367313,6.698740,8.512137,0.634052,0.598170
50.896614,6.830316,8.307644,6.706041,8.448121,0.643903,0.577373
50.996588,6.843449,8.247002,6.717327,8.383898,0.653825,0.539852
51.096554,6.856718,8.185402,6.732524,8.319440,0.660643,0.487153
51.196594,6.870136,8.122830,6.751351,8.255202,0.664159,0.418478
51.296612,6.883691,8.059385,6.773483,8.191730,0.665069,0.330929
51.396621,6.897383,7.995095,6.798546,8.129211,0.662419,0.228413
51.496610,6.911214,7.930004,6.825880,8.067890,0.658516,0.110388
51.596550,6.925177,7.864171,6.854858,8.007877,0.655301,-0.013422
51.696584,6.939295,7.797536,6.884795,7.948192,0.653483,-0.126767
51.796575,6.953548,7.730230,6.914581,7.888457,0.656519,-0.221992
51.896591,6.967947,7.662242,6.934013,7.848354,0.762562,-0.273535
51.996623,6.982490,7.593618,6.962630,7.786493,0.772838,-0.324379
52.096608,6.997169,7.524436,6.993260,7.716150,0.749310,-0.378051
52.196617,7.011995,7.454685,7.021857,7.644362,0.731791,-0.409196
52.296609,7.026961,7.384433,7.046974,7.573381,0.728155,-0.419654
52.396625,7.042076,7.313687,7.068847,7.502210,0.731965,-0.411329
52.496628,7.057333,7.242510,7.087697,7.430036,0.736982,-0.387800
52.596630,7.072735,7.170932,7.103626,7.356680,0.740132,-0.351568
52.696633,7.088282,7.098987,7.116754,7.282383,0.740583,-0.304190
52.796635,7.103975,7.026716,7.127267,7.207621,0.739240,-0.245829
52.896590,7.119806,6.954189,7.135312,7.132873,0.737490,-0.174743
52.996596,7.135793,6.881371,7.141201,7.058150,0.734591,-0.096050
53.096617,7.151929,6.808328,7.145469,6.983607,0.731275,-0.013660
53.196597,7.168206,6.735136,7.148731,6.909250,0.728184,0.066473
53.296589,7.184632,6.661794,7.151815,6.834917,0.726351,0.135164
53.396647,7.201218,6.588300,7.154164,6.785514,0.800000,0.172742
53.496620,7.217939,6.514803,7.158031,6.708388,0.800000,0.254873
53.596641,7.234818,6.441242,7.161662,6.627162,0.796215,0.299212
53.696637,7.251841,6.367707,7.167535,6.546093,0.772542,0.338689
53.796636,7.269016,6.294215,7.175771,6.466862,0.759018,0.363271
53.896639,7.286342,6.220804,7.186454,6.389675,0.756028,0.368533
53.996636,7.303818,6.147518,7.199808,6.313712,0.758166,0.356151
54.096598,7.321439,6.074416,7.216001,6.238254,0.759201,0.332340
54.196625,7.339224,6.001461,7.234933,6.163279,0.757928,0.298506
54.296577,7.357147,5.928793,7.256343,6.089018,0.753916,0.255936
54.396626,7.375241,5.856325,7.279857,6.015797,0.748894,0.204576
54.496636,7.393482,5.784192,7.305133,5.943769,0.742993,0.145936
54.596629,7.411873,5.712416,7.332078,5.872372,0.734039,0.080068
54.696615,7.430416,5.641027,7.359888,5.802975,0.728706,0.012243
54.796594,7.449113,5.570062,7.388281,5.734091,0.722239,-0.046258
54.896635,7.467977,5.499509,7.407117,5.688481,0.800000,-0.092418
54.996657,7.486993,5.429465,7.436316,5.617061,0.800000,-0.133003
55.096625,7.506154,5.359989,7.466644,5.541286,0.763785,-0.167119
55.196642,7.525481,5.291049,7.495109,5.467344,0.731013,-0.197313
55.296635,7.544960,5.222730,7.521277,5.396204,0.712171,-0.214821
55.396639,7.564599,5.155047,7.545402,5.326866,0.702138,-0.219438
55.496648,7.584397,5.088042,7.567773,5.258325,0.695419,-0.212946
55.596626,7.604346,5.021776,7.588458,5.190189,0.689866,-0.192658
55.696626,7.624458,4.956250,7.607510,5.122209,0.682968,-0.164721
55.796600,7.644724,4.891534,7.625083,5.054513,0.674597,-0.129456
55.896596,7.665154,4.827632,7.641560,4.986605,0.662045,-0.089440
55.996627,7.685751,4.764577,7.656793,4.920362,0.653638,-0.042968
56.096646,7.706506,4.702434,7.671249,4.854985,0.645297,0.005718
56.196646,7.727418,4.641246,7.680625,4.811851,0.733456,0.045718
56.296680,7.748498,4.581016,7.694845,4.746383,0.716477,0.089945
56.396619,7.769720,4.521860,7.710459,4.675110,0.669518,0.139274
56.496658,7.791125,4.463698,7.726170,4.606554,0.631519,0.187970
56.596668,7.812686,4.406646,7.741726,4.542599,0.610369,0.227247
56.696667,7.834408,4.350729,7.757738,4.481592,0.598169,0.256693
56.796659,7.856292,4.295981,7.774656,4.422454,0.589556,0.277205
56.896661,7.878342,4.242432,7.792738,4.364713,0.581847,0.289682
56.996647,7.900553,4.190132,7.812090,4.308397,0.574765,0.292046
57.096679,7.922939,4.139086,7.832839,4.253371,0.566496,0.288455
57.196641,7.945474,4.089391,7.854913,4.199725,0.556678,0.279296
57.296627,7.968181,4.041036,7.878496,4.146745,0.541471,0.270414
57.396609,7.991052,3.994074,7.902507,4.096487,0.531146,0.251275
57.496612,8.014094,3.948529,7.927321,4.047989,0.520271,0.229506
57.596657,8.037314,3.904430,7.944261,4.016547,0.581107,0.187307
57.696651,8.060689,3.861856,7.970888,3.969413,0.560223,0.167025
57.796650,8.084233,3.820820,8.000387,3.919763,0.518374,0.156636
57.896645,8.107944,3.781363,8.029020,3.873437,0.484881,0.144613
57.996632,8.131822,3.743522,8.056464,3.830656,0.460871,0.133310
58.096623,8.155870,3.707331,8.083035,3.790592,0.442726,0.124708
58.196668,8.180101,3.672811,8.109002,3.752594,0.427652,0.120712
58.296660,8.204489,3.640036,8.134515,3.716287,0.413829,0.122719
58.396645,8.229046,3.609026,8.159642,3.681485,0.400564,0.131603
58.496649,8.253779,3.579811,8.184405,3.648110,0.387609,0.147848
58.596635,8.278678,3.552439,8.208828,3.616142,0.374838,0.171643
58.696657,8.303758,3.526934,8.232938,3.585595,0.362413,0.202801
58.796659,8.329005,3.503347,8.256784,3.556493,0.350367,0.240804
58.896631,8.354417,3.481717,8.280437,3.528863,0.338818,0.284815
58.996662,8.380018,3.462062,8.303982,3.502737,0.328037,0.333616
59.096641,8.405779,3.444442,8.319735,3.486103,0.361686,0.354385
59.196632,8.431716,3.428882,8.344369,3.461534,0.344880,0.412317
59.296650,8.457836,3.415419,8.370697,3.437089,0.320781,0.485228
59.396649,8.484125,3.404095,8.396357,3.415238,0.303827,0.555072
59.496653,8.510591,3.394944,8.421511,3.395920,0.294041,0.615555
59.596615,8.537221,3.388009,8.446695,3.378783,0.289190,0.666590
59.696626,8.564041,3.383319,8.472115,3.363749,0.288870,0.707337
59.796632,8.591036,3.380916,8.498310,3.350590,0.290692,0.742014
59.896617,8.618203,3.380837,8.525305,3.339446,0.295845,0.767025
59.996666,8.645564,3.383120,8.553502,3.330348,0.302064,0.788462
